feature_set,model,feature_count,CV_MSE_mean,CV_MSE_std,CV_MAE_mean,seconds
F 전날+4시간,ExtraTrees,29,41.431370,25.907613,3.616641,3.113670
G 생산 변화까지,ExtraTrees,32,41.845912,25.288339,3.637204,3.496398
E 최근 4시간,ExtraTrees,28,44.213958,29.068040,3.661102,3.111206
D 기존 3 데이터,ExtraTrees,21,53.336391,34.416549,4.197932,2.394240
C 최근 1시간,ExtraTrees,20,59.100505,45.014706,4.189128,2.294796
B 15분 위치,ExtraTrees,13,83.338636,40.489365,5.763494,1.561009
A 기본 12개,ExtraTrees,12,150.142760,35.477999,8.053467,1.534754
E 최근 4시간,GradientBoosting,28,98.625557,12.505975,6.490922,12.880103
F 전날+4시간,GradientBoosting,29,100.081943,15.723841,6.498419,13.359020
G 생산 변화까지,GradientBoosting,32,101.488680,16.093254,6.540545,14.998798
C 최근 1시간,GradientBoosting,20,102.978331,17.305221,6.834447,8.176999
D 기존 3 데이터,GradientBoosting,21,105.524026,19.438012,6.866644,8.691738
B 15분 위치,GradientBoosting,13,125.980403,15.608137,7.597275,4.552507
A 기본 12개,GradientBoosting,12,156.880022,16.944616,8.289943,4.304839
E 최근 4시간,HistGradientBoosting,28,51.902123,22.870912,4.580925,2.279949
F 전날+4시간,HistGradientBoosting,29,53.460394,23.168954,4.663541,2.317363
G 생산 변화까지,HistGradientBoosting,32,55.502492,25.472914,4.749212,2.664778
D 기존 3 데이터,HistGradientBoosting,21,65.739634,29.415312,5.210385,1.863366
C 최근 1시간,HistGradientBoosting,20,72.341635,40.128405,5.296525,1.824882
B 15분 위치,HistGradientBoosting,13,88.896217,42.206459,6.113857,1.371568
A 기본 12개,HistGradientBoosting,12,153.337030,27.103158,8.106386,1.031796
E 최근 4시간,RandomForest,28,50.013474,30.282857,4.101972,8.271818
F 전날+4시간,RandomForest,29,50.159616,30.661238,4.077195,8.509359
G 생산 변화까지,RandomForest,32,51.076930,30.393559,4.141881,10.356363
D 기존 3 데이터,RandomForest,21,56.680668,29.989539,4.531410,5.801702
C 최근 1시간,RandomForest,20,59.224641,31.693044,4.587494,5.730076
B 15분 위치,RandomForest,13,77.779623,26.324807,5.612768,3.295209
A 기본 12개,RandomForest,12,154.174529,31.793553,8.038719,3.185986
