first,second,first_weight,CV_MSE
local_4,local_2,0.1,37.30393202878247
local_4,local_2,0.2,37.04303500062503
local_4,local_2,0.30000000000000004,36.82278665501401
local_4,local_2,0.4,36.64318699194945
local_4,local_2,0.5,36.50423601143132
local_4,local_2,0.6000000000000001,36.40593371345962
local_4,local_2,0.7000000000000001,36.34828009803435
local_4,local_2,0.8,36.33127516515553
local_4,local_2,0.9,36.35491891482313
local_4,local_5,0.1,37.462725168985415
local_4,local_5,0.2,37.2214199071774
local_4,local_5,0.30000000000000004,37.011454465767265
local_4,local_5,0.4,36.832828844755014
local_4,local_5,0.5,36.68554304414065
local_4,local_5,0.6000000000000001,36.569597063924185
local_4,local_5,0.7000000000000001,36.4849909041056
local_4,local_5,0.8,36.4317245646849
local_4,local_5,0.9,36.4097980456621
local_4,local_7,0.1,37.480330760361156
local_4,local_7,0.2,37.24406477616468
local_4,local_7,0.30000000000000004,37.03738974875831
local_4,local_7,0.4,36.86030567814207
local_4,local_7,0.5,36.712812564315946
local_4,local_7,0.6000000000000001,36.594910407279954
local_4,local_7,0.7000000000000001,36.50659920703407
local_4,local_7,0.8,36.447878963578326
local_4,local_7,0.9,36.4187496769127
local_4,local_8,0.1,37.54184416845941
local_4,local_8,0.2,37.29743252936045
local_4,local_8,0.30000000000000004,37.0829395549967
local_4,local_8,0.4,36.89836524536821
local_4,local_8,0.5,36.74370960047494
local_4,local_8,0.6000000000000001,36.61897262031692
local_4,local_8,0.7000000000000001,36.524154304894125
local_4,local_8,0.8,36.459254654206575
local_4,local_8,0.9,36.42427366825426
local_4,BG_clock_std_BGparams,0.1,37.61391722256742
local_4,BG_clock_std_BGparams,0.2,37.357790917773784
local_4,BG_clock_std_BGparams,0.30000000000000004,37.13250991485827
local_4,BG_clock_std_BGparams,0.4,36.93807421382088
local_4,BG_clock_std_BGparams,0.5,36.77448381466162
local_4,BG_clock_std_BGparams,0.6000000000000001,36.641738717380484
local_4,BG_clock_std_BGparams,0.7000000000000001,36.53983892197747
local_4,BG_clock_std_BGparams,0.8,36.46878442845258
local_4,BG_clock_std_BGparams,0.9,36.42857523680581
local_4,local_6,0.1,37.61948473380251
local_4,local_6,0.2,37.362830613020996
local_4,local_6,0.30000000000000004,37.136999095024706
local_4,local_6,0.4,36.94199017981365
local_4,local_6,0.5,36.77780386738783
local_4,local_6,0.6000000000000001,36.64444015774724
local_4,local_6,0.7000000000000001,36.541899050891885
local_4,local_6,0.8,36.47018054682175
local_4,local_6,0.9,36.429284645536846
local_4,local_3,0.1,38.26445045036105
local_4,local_3,0.2,37.95508544557629
local_4,local_3,0.30000000000000004,37.67180505022869
local_4,local_3,0.4,37.414609264318315
local_4,local_3,0.5,37.18349808784513
local_4,local_3,0.6000000000000001,36.97847152080915
local_4,local_3,0.7000000000000001,36.799529563210356
local_4,local_3,0.8,36.64667221504876
local_4,local_3,0.9,36.51989947632437
local_2,local_5,0.1,37.65150200747234
local_2,local_5,0.2,37.583384650986346
local_2,local_5,0.30000000000000004,37.53101818173335
local_2,local_5,0.4,37.494402599713354
local_2,local_5,0.5,37.47353790492635
local_2,local_5,0.6000000000000001,37.46842409737236
local_2,local_5,0.7000000000000001,37.479061177051356
local_2,local_5,0.8,37.50544914396336
local_2,local_5,0.9,37.54758799810835
local_2,local_7,0.1,37.67509929364492
local_2,local_7,0.2,37.61668142183469
local_2,local_7,0.30000000000000004,37.57093408591705
local_2,local_7,0.4,37.537857285892
local_2,local_7,0.5,37.51745102175957
local_2,local_7,0.6000000000000001,37.509715293519726
local_2,local_7,0.7000000000000001,37.51465010117249
local_2,local_7,0.8,37.53225544471784
local_2,local_7,0.9,37.562531324155785
local_2,local_8,0.1,37.74630680185966
local_2,local_8,0.2,37.687283130793084
local_2,local_8,0.30000000000000004,37.639103459093874
local_2,local_8,0.4,37.60176778676208
local_2,local_8,0.5,37.575276113797656
local_2,local_8,0.6000000000000001,37.559628440200626
local_2,local_8,0.7000000000000001,37.55482476597097
local_2,local_8,0.8,37.56086509110872
local_2,local_8,0.9,37.57774941561384
local_2,BG_clock_std_BGparams,0.1,37.81517953314457
local_2,BG_clock_std_BGparams,0.2,37.74195205640983
local_2,BG_clock_std_BGparams,0.30000000000000004,37.681206399034906
local_2,BG_clock_std_BGparams,0.4,37.63294256101985
local_2,BG_clock_std_BGparams,0.5,37.59716054236464
local_2,BG_clock_std_BGparams,0.6000000000000001,37.573860343069285
local_2,BG_clock_std_BGparams,0.7000000000000001,37.563041963133784
local_2,BG_clock_std_BGparams,0.8,37.56470540255812
local_2,BG_clock_std_BGparams,0.9,37.57885066134231
local_2,local_6,0.1,37.82041341879847
local_2,local_6,0.2,37.74639863951269
local_2,local_6,0.30000000000000004,37.68491711951191
local_2,local_6,0.4,37.635968858796126
local_2,local_6,0.5,37.599553857365336
local_2,local_6,0.6000000000000001,37.57567211521955
local_2,local_6,0.7000000000000001,37.56432363235875
local_2,local_6,0.8,37.565508408782954
local_2,local_6,0.9,37.57922644449216
local_2,local_3,0.1,38.41884550219463
local_2,local_3,0.2,38.25592701311264
local_2,local_3,0.30000000000000004,38.111144597336995
local_2,local_3,0.4,37.98449825486775
local_2,local_3,0.5,37.875987985704896
local_2,local_3,0.6000000000000001,37.785613789848405
local_2,local_3,0.7000000000000001,37.713375667298315
local_2,local_3,0.8,37.65927361805462
local_2,local_3,0.9,37.6233076421173
local_5,local_7,0.1,37.6916570503295
local_5,local_7,0.2,37.649003933978484
local_5,local_7,0.30000000000000004,37.618228352294715
local_5,local_7,0.4,37.5993303052782
local_5,local_7,0.5,37.59230979292894
local_5,local_7,0.6000000000000001,37.597166815246915
local_5,local_7,0.7000000000000001,37.61390137223215
local_5,local_7,0.8,37.642513463884626
local_5,local_7,0.9,37.68300309020436
local_5,local_8,0.1,37.764871572909584
local_5,local_8,0.2,37.72317366847527
local_5,local_8,0.30000000000000004,37.6910807589907
local_5,local_8,0.4,37.66859284445586
local_5,local_8,0.5,37.65570992487077
local_5,local_8,0.6000000000000001,37.65243200023541
local_5,local_8,0.7000000000000001,37.65875907054979
local_5,local_8,0.8,37.674691135813895
local_5,local_8,0.9,37.70022819602775
local_5,BG_clock_std_BGparams,0.1,37.82898587884804
local_5,BG_clock_std_BGparams,0.2,37.769383171253864
local_5,BG_clock_std_BGparams,0.30000000000000004,37.72208070645665
local_5,BG_clock_std_BGparams,0.4,37.687078484456414
local_5,BG_clock_std_BGparams,0.5,37.664376505253145
local_5,BG_clock_std_BGparams,0.6000000000000001,37.653974768846844
local_5,BG_clock_std_BGparams,0.7000000000000001,37.65587327523751
local_5,BG_clock_std_BGparams,0.8,37.67007202442515
local_5,BG_clock_std_BGparams,0.9,37.696571016409756
local_5,local_6,0.1,37.83431616915054
local_5,local_6,0.2,37.77400114039871
local_5,local_6,0.30000000000000004,37.726016371113744
local_5,local_6,0.4,37.69036186129565
local_5,local_6,0.5,37.66703761094443
local_5,local_6,0.6000000000000001,37.65604362006007
local_5,local_6,0.7000000000000001,37.65737988864258
local_5,local_6,0.8,37.671046416691965
local_5,local_6,0.9,37.697043204208214
local_5,local_3,0.1,38.45741065222879
local_5,local_3,0.2,38.3273737801001
local_5,local_3,0.30000000000000004,38.209789448197
local_5,local_3,0.4,38.10465765651947
local_5,local_3,0.5,38.01197840506751
local_5,local_3,0.6000000000000001,37.93175169384112
local_5,local_3,0.7000000000000001,37.86397752284032
local_5,local_3,0.8,37.80865589206508
local_5,local_3,0.9,37.76578680151542
local_7,local_8,0.1,37.78546019904954
local_7,local_8,0.2,37.760016058283114
local_7,local_8,0.30000000000000004,37.739842049994365
local_7,local_8,0.4,37.724938174183265
local_7,local_8,0.5,37.715304430849855
local_7,local_8,0.6000000000000001,37.7109408199941
local_7,local_8,0.7000000000000001,37.711847341616014
local_7,local_8,0.8,37.7180239957156
local_7,local_8,0.9,37.729470782292836
local_7,BG_clock_std_BGparams,0.1,37.86220345119949
local_7,BG_clock_std_BGparams,0.2,37.82867702099326
local_7,BG_clock_std_BGparams,0.30000000000000004,37.80030953862048
local_7,BG_clock_std_BGparams,0.4,37.777101004081146
local_7,BG_clock_std_BGparams,0.5,37.75905141737528
local_7,BG_clock_std_BGparams,0.6000000000000001,37.74616077850287
local_7,BG_clock_std_BGparams,0.7000000000000001,37.738429087463906
local_7,BG_clock_std_BGparams,0.8,37.73585634425841
local_7,BG_clock_std_BGparams,0.9,37.738442548886354
local_7,local_6,0.1,37.86716448100056
local_7,local_6,0.2,37.83263852702443
local_7,local_6,0.30000000000000004,37.80338359544086
local_7,local_6,0.4,37.77939968624987
local_7,local_6,0.5,37.76068679945144
local_7,local_6,0.6000000000000001,37.74724493504557
local_7,local_6,0.7000000000000001,37.73907409303227
local_7,local_6,0.8,37.73617427341153
local_7,local_6,0.9,37.73854547618336
local_7,local_3,0.1,38.46546844002954
local_7,local_3,0.2,38.34193912397159
local_7,local_3,0.30000000000000004,38.229312116409204
local_7,local_3,0.4,38.127587417342355
local_7,local_3,0.5,38.03676502677106
local_7,local_3,0.6000000000000001,37.95684494469529
local_7,local_3,0.7000000000000001,37.887827171115084
local_7,local_3,0.8,37.82971170603043
local_7,local_3,0.9,37.782498549441314
local_8,BG_clock_std_BGparams,0.1,37.882409577508334
local_8,BG_clock_std_BGparams,0.2,37.86615428489666
local_8,BG_clock_std_BGparams,0.30000000000000004,37.852122951404155
local_8,BG_clock_std_BGparams,0.4,37.84031557703083
local_8,BG_clock_std_BGparams,0.5,37.83073216177669
local_8,BG_clock_std_BGparams,0.6000000000000001,37.82337270564172
local_8,BG_clock_std_BGparams,0.7000000000000001,37.81823720862593
local_8,BG_clock_std_BGparams,0.8,37.81532567072932
local_8,BG_clock_std_BGparams,0.9,37.814638091951885
local_8,local_6,0.1,37.88705195463786
local_8,local_6,0.2,37.86954929728954
local_8,local_6,0.30000000000000004,37.85445348532429
local_8,local_6,0.4,37.841764518742124
local_8,local_6,0.5,37.83148239754303
local_8,local_6,0.6000000000000001,37.823607121727
local_8,local_6,0.7000000000000001,37.818138691294045
local_8,local_6,0.8,37.815077106244175
local_8,local_6,0.9,37.81442236657736
local_8,local_3,0.1,38.48052063285135
local_8,local_3,0.2,38.3702538394536
local_8,local_3,0.30000000000000004,38.269099684389815
local_8,local_3,0.4,38.17705816765995
local_8,local_3,0.5,38.094129289264025
local_8,local_3,0.6000000000000001,38.02031304920206
local_8,local_3,0.7000000000000001,37.95560944747403
local_8,local_3,0.8,37.90001848407995
local_8,local_3,0.9,37.85354015901982
BG_clock_std_BGparams,local_6,0.1,37.90536624208783
BG_clock_std_BGparams,local_6,0.2,37.90399057179938
BG_clock_std_BGparams,local_6,0.30000000000000004,37.902834446503924
BG_clock_std_BGparams,local_6,0.4,37.90189786620145
BG_clock_std_BGparams,local_6,0.5,37.90118083089196
BG_clock_std_BGparams,local_6,0.6000000000000001,37.90068334057544
BG_clock_std_BGparams,local_6,0.7000000000000001,37.90040539525191
BG_clock_std_BGparams,local_6,0.8,37.90034699492135
BG_clock_std_BGparams,local_6,0.9,37.90050813958378
BG_clock_std_BGparams,local_3,0.1,38.48042284913047
BG_clock_std_BGparams,local_3,0.2,38.37196254299305
BG_clock_std_BGparams,local_3,0.30000000000000004,38.27451914617078
BG_clock_std_BGparams,local_3,0.4,38.18809265866368
BG_clock_std_BGparams,local_3,0.5,38.11268308047171
BG_clock_std_BGparams,local_3,0.6000000000000001,38.048290411594905
BG_clock_std_BGparams,local_3,0.7000000000000001,37.99491465203326
BG_clock_std_BGparams,local_3,0.8,37.952555801786744
BG_clock_std_BGparams,local_3,0.9,37.92121386085539
local_6,local_3,0.1,38.48106468090127
local_6,local_3,0.2,38.37323852454405
local_6,local_3,0.30000000000000004,38.27642159551134
local_6,local_3,0.4,38.190613893803175
local_6,local_3,0.5,38.11581541941953
local_6,local_3,0.6000000000000001,38.052026172360414
local_6,local_3,0.7000000000000001,37.99924615262584
local_6,local_3,0.8,37.957475360215774
local_6,local_3,0.9,37.92671379513025
