candidate,method,n_estimators,max_features,min_samples_leaf,min_samples_split,max_depth,bootstrap,max_samples,CV_MSE_mean,CV_MSE_std,CV_MAE_mean,CV_train_MSE_mean,test_MSE,test_MAE,test_R2,seconds
baseline,baseline,100,1.000000,2,2,,False,,41.431370,25.907613,3.616641,7.688532,68.798547,5.202528,0.981934,3.522130
one_max_features_0.85,one_factor,100,0.850000,2,2,,False,,41.832292,26.081484,3.627172,8.392572,69.177672,5.210572,0.981834,3.043674
one_max_features_0.9,one_factor,100,0.900000,2,2,,False,,41.291970,25.982604,3.595515,8.127719,68.794708,5.181631,0.981935,3.261630
one_min_samples_leaf_1,one_factor,100,1.000000,1,2,,False,,44.317005,29.393998,3.625578,0.000000,70.979328,5.267628,0.981361,3.826166
one_min_samples_leaf_3,one_factor,100,1.000000,3,2,,False,,41.503750,24.260126,3.781779,19.493245,68.590179,5.228407,0.981988,3.087998
one_min_samples_leaf_4,one_factor,100,1.000000,4,2,,False,,44.261530,24.063539,4.040877,28.403191,69.280721,5.265872,0.981807,2.877412
one_min_samples_split_4,one_factor,100,1.000000,2,4,,False,,41.431370,25.907613,3.616641,7.688532,68.798547,5.202528,0.981934,3.515133
one_min_samples_split_6,one_factor,100,1.000000,2,6,,False,,41.077188,25.686315,3.659898,13.498947,66.631551,5.120106,0.982503,3.252008
one_max_depth_32,one_factor,100,1.000000,2,2,32.000000,False,,41.360144,25.942507,3.616922,7.673878,68.427908,5.189397,0.982031,3.438354
one_max_depth_48,one_factor,100,1.000000,2,2,48.000000,False,,41.431370,25.907613,3.616641,7.688532,68.798547,5.202528,0.981934,3.366291
one_n_estimators_200,one_factor,200,1.000000,2,2,,False,,41.125784,25.762564,3.586450,7.743878,67.928525,5.157682,0.982162,6.776004
one_n_estimators_300,one_factor,300,1.000000,2,2,,False,,40.922977,25.898822,3.570693,7.713430,67.645990,5.143009,0.982236,10.041808
joint_01,joint_random,300,0.850000,1,6,32.000000,False,,42.875469,27.867991,3.731207,8.481590,69.240771,5.219094,0.981818,8.451734
joint_02,joint_random,100,0.850000,2,6,,False,,42.364920,26.299078,3.750468,14.086116,69.298493,5.244059,0.981802,2.867948
joint_03,joint_random,300,1.000000,1,6,32.000000,False,,42.317173,27.174394,3.659643,7.958369,68.454909,5.201291,0.982024,9.928508
joint_04,joint_random,100,0.850000,1,2,,False,,43.960581,29.807760,3.628621,0.000000,70.700891,5.284578,0.981434,3.243172
joint_05,joint_random,300,1.000000,1,6,,False,,42.350845,27.120543,3.659588,7.945759,67.940245,5.184287,0.982159,9.995542
joint_06,joint_random,300,1.000000,4,2,32.000000,False,,44.034859,24.365622,4.024814,28.162579,69.117816,5.239970,0.981850,8.193489
joint_07,joint_random,300,0.900000,1,2,48.000000,False,,44.836621,30.154248,3.664587,0.000000,68.463943,5.183251,0.982021,9.809739
joint_08,joint_random,200,0.900000,3,2,,False,,42.142656,25.135962,3.822196,19.704488,68.715049,5.212939,0.981956,5.564059
joint_09,joint_random,200,0.850000,1,4,,False,,43.482644,28.905706,3.659765,2.733991,69.830076,5.229934,0.981663,6.039706
joint_10,joint_random,200,0.900000,3,2,48.000000,False,,42.142656,25.135962,3.822196,19.704488,68.715049,5.212939,0.981956,5.997070
joint_11,joint_random,200,1.000000,1,4,,False,,42.382822,27.448001,3.581017,2.614923,68.151339,5.170514,0.982104,7.194095
joint_12,joint_random,300,0.900000,3,6,,False,,42.098808,25.377166,3.837059,19.699974,68.682729,5.219607,0.981964,8.197350
joint_13,joint_random,300,0.850000,1,6,,False,,42.880601,27.795395,3.732168,8.465970,69.431356,5.225721,0.981767,8.262824
joint_14,joint_random,200,0.850000,2,2,32.000000,False,,41.338873,26.160638,3.613829,8.430077,68.604010,5.194843,0.981985,5.632415
joint_15,joint_random,200,0.900000,3,2,32.000000,False,,42.129907,25.142489,3.822410,19.685831,68.705857,5.221953,0.981958,5.531003
joint_16,joint_random,200,0.850000,3,6,48.000000,False,,42.510448,25.159647,3.863711,20.140689,68.399139,5.228050,0.982039,5.113061
joint_17,joint_random,300,0.850000,2,6,48.000000,False,,41.261867,25.430585,3.709265,13.996149,68.664558,5.196860,0.981969,7.925469
joint_18,joint_random,100,0.850000,4,4,32.000000,False,,45.599655,24.863485,4.129187,29.654450,69.731212,5.273051,0.981689,2.433694
joint_19,joint_random,300,1.000000,2,6,32.000000,False,,40.695510,25.630917,3.637738,13.360589,66.798686,5.125230,0.982459,9.189428
joint_20,joint_random,100,0.850000,1,4,32.000000,False,,43.514556,28.748110,3.670806,2.626526,70.036948,5.247884,0.981608,3.074213
joint_21,joint_random,200,0.850000,2,6,48.000000,False,,41.787704,25.504635,3.721935,14.028377,69.236398,5.220760,0.981819,5.316477
joint_22,joint_random,200,0.850000,4,4,48.000000,False,,45.081480,24.345429,4.098433,29.565595,69.708998,5.277625,0.981695,4.725462
joint_23,joint_random,200,0.850000,3,2,,False,,42.510448,25.159647,3.863711,20.140689,68.399139,5.228050,0.982039,5.097994
joint_24,joint_random,300,1.000000,3,6,48.000000,False,,41.497028,24.647372,3.766241,19.196922,68.242753,5.202754,0.982080,8.758788
