candidate,fold,MSE,MAE,R2
BG_BGparams,1,58.59192078672663,5.143039272030653,0.9806872344645532
BG_BGparams,2,25.36492634960284,1.9479682692586782,0.9923366665252876
BG_BGparams,3,80.98925506123052,6.383992148176321,0.9725449470956703
BG_BGparams,4,28.944408307504354,2.9331038921733046,0.9900617288971764
BG_BGparams,5,9.518926290208144,1.7761550657852212,0.9969859809412646
BG_HSparams,1,68.08991600467844,5.410201149425287,0.9775565544622916
BG_HSparams,2,23.860279348639214,1.5431540621734587,0.9927912553370659
BG_HSparams,3,85.31620003918495,6.510491771159875,0.9710781290196916
BG_HSparams,4,28.67138049034625,2.677914380877743,0.9901554749650421
BG_HSparams,5,10.092780733378273,1.7050321758729945,0.9968042789114429
HS_BGparams,1,333.2609699515485,11.49619408524904,0.8901522447400648
HS_BGparams,2,38.90492225486096,3.6735335505610287,0.9882459192296679
HS_BGparams,3,72.86000824048071,5.941434330506262,0.975300731197738
HS_BGparams,4,36.15870104788828,3.968252753831417,0.9875846495142657
HS_BGparams,5,17.592461350020745,2.8865672431931872,0.9944296223983189
HS_HSparams,1,526.738123033331,14.572549307732498,0.8263793073834744
HS_HSparams,2,37.07428220290681,3.6668299373040747,0.9887989981149338
HS_HSparams,3,81.27351546915074,6.241738505747127,0.9724485838863514
HS_HSparams,4,36.992516861404006,3.954777298850575,0.9872983528480321
HS_HSparams,5,16.60129779238173,2.8195064188416685,0.9947434588292324
BG_clock_BGparams,1,62.2421372479579,5.750599576947637,0.9794840690157536
BG_clock_BGparams,2,25.747805293618548,1.932849842068052,0.9922209899020641
BG_clock_BGparams,3,71.00394500310308,6.131903037196682,0.9759299296554527
BG_clock_BGparams,4,25.117219918367013,2.7639786904811046,0.9913758216009807
BG_clock_BGparams,5,11.34321811651282,2.028622664223408,0.996408347480773
BG_clock_HSparams,1,77.99275633490072,6.076188610240335,0.9742924315104481
BG_clock_HSparams,2,23.312982976809632,1.5948618730407527,0.9929566062846312
BG_clock_HSparams,3,75.93989573685522,6.274008947230931,0.9742566609184347
BG_clock_HSparams,4,24.820603366640547,2.5310720350052245,0.9914776670307897
BG_clock_HSparams,5,10.458766923143168,1.8993760820566425,0.9966883951113633
BG_std_BGparams,1,57.98820326789436,5.105994113186462,0.9808862287070066
BG_std_BGparams,2,24.55069073473975,1.898988565613028,0.9925826660191431
BG_std_BGparams,3,78.51350024917524,6.240659442848022,0.9733842186668403
BG_std_BGparams,4,28.556386811601733,2.892839446675598,0.9901949588730333
BG_std_BGparams,5,9.565889669011023,1.7531210270329747,0.9969711107222442
BG_std_HSparams,1,70.92812051005747,5.471102729885057,0.9766210401897086
BG_std_HSparams,2,22.051865129547828,1.458287617554859,0.9933376192819203
BG_std_HSparams,3,81.7110277738197,6.305371603970743,0.9723002688603408
BG_std_HSparams,4,28.367570733292958,2.6566434822361544,0.9902597902337186
BG_std_HSparams,5,10.225155801308416,1.678394799594943,0.9967623644175725
BG_daily_BGparams,1,57.78431937681371,5.109175806194124,0.9809534318594554
BG_daily_BGparams,2,26.932226292267643,2.126433589236301,0.9918631488044004
BG_daily_BGparams,3,73.05180614667704,5.991107100095788,0.9752357124287966
BG_daily_BGparams,4,29.782857151497165,3.212859950164831,0.989773841446553
BG_daily_BGparams,5,9.523115564496944,1.7305546480111549,0.9969846544731144
BG_daily_HSparams,1,66.32978374061936,5.401955982236155,0.9781367201450464
BG_daily_HSparams,2,22.31978650137741,1.6359946447230929,0.993256674011706
BG_daily_HSparams,3,75.8170429090078,6.067246277429468,0.9742983075650848
BG_daily_HSparams,4,28.976136385900542,2.980843456112853,0.9900508348328956
BG_daily_HSparams,5,10.273767405707025,1.6599238885440826,0.9967469723137085
BG_weekly_BGparams,1,181.08084398410227,8.930071000957852,0.9403130698589754
BG_weekly_BGparams,2,25.517718320631282,2.1311296723909865,0.992290504521499
BG_weekly_BGparams,3,72.27255143977938,5.941716919791974,0.9754998768440347
BG_weekly_BGparams,4,33.41838937340174,3.448583477846222,0.9885255552684254
BG_weekly_BGparams,5,9.338891127994483,1.9418695015613032,0.9970429862582101
BG_short_BGparams,1,59.32386607025263,5.231869033365261,0.9804459744502763
BG_short_BGparams,2,24.873219736338378,1.9154791068007642,0.9924852225154464
BG_short_BGparams,3,79.4749873049838,6.313498042566472,0.9730582781706092
BG_short_BGparams,4,28.691982869965727,2.903248376069453,0.9901484009895838
BG_short_BGparams,5,9.708620070260721,1.7589197325025552,0.9969259173741173
BG_context_BGparams,1,63.19902586454233,5.540993115421457,0.979168664344811
BG_context_BGparams,2,28.072499633305316,2.226490834815727,0.9915186457396464
BG_context_BGparams,3,79.72483373243288,6.306927883732954,0.9729735811712555
BG_context_BGparams,4,29.06195264020252,2.975305200258981,0.9900213692037757
BG_context_BGparams,5,10.165348169491518,1.8995194803926116,0.9967813015683245
BG_clock_std_BGparams,1,58.65892798768426,5.605677502394637,0.9806651478979429
BG_clock_std_BGparams,2,23.082778536433946,1.8674119971264365,0.993026156393693
BG_clock_std_BGparams,3,71.77350002682707,6.152051732171884,0.9756690533963346
BG_clock_std_BGparams,4,25.21141457750264,2.7470351070744368,0.9913434791862047
BG_clock_std_BGparams,5,10.777823017748007,1.968307547007285,0.9965873709915597
BG_daily_weekly_BGparams,1,166.35803126065173,8.558908684546617,0.9451659271528211
BG_daily_weekly_BGparams,2,26.39220730483939,2.218948475415071,0.9920263010850852
BG_daily_weekly_BGparams,3,68.12497446996173,5.743527917464879,0.9769058898397714
BG_daily_weekly_BGparams,4,33.797598108726866,3.586248640768514,0.9883953512173983
BG_daily_weekly_BGparams,5,8.84358669016804,1.8867350463365227,0.9971998166579812
BG_power_BGparams,1,214.89464661571745,9.49344829581737,0.9291675393264758
BG_power_BGparams,2,24.559344897302534,2.1125965138090677,0.9925800513955977
BG_power_BGparams,3,67.2626904262874,5.718892321200512,0.9771982008879437
BG_power_BGparams,4,32.94449370532888,3.512305068368197,0.9886882707599195
BG_power_BGparams,5,8.449706336992698,1.8351082871316242,0.9973245327084199
BG_power_HSparams,1,248.22697233898546,10.108529258098224,0.9181807107193746
BG_power_HSparams,2,21.234795481262466,1.7135416666666667,0.9935844750031069
BG_power_HSparams,3,73.34602248236678,5.9266637277951935,0.9751359741974032
BG_power_HSparams,4,32.206522350265985,3.3918952455590388,0.9889416585408967
BG_power_HSparams,5,7.428460918267047,1.7342534217489303,0.997647894089929
BG_all_BGparams,1,173.91465351036803,9.0576091155811,0.9426751524557442
BG_all_BGparams,2,25.472926790030446,2.320752455095821,0.9923040370833959
BG_all_BGparams,3,66.54729363055397,5.872967425494366,0.9774407177114359
BG_all_BGparams,4,30.321978534405343,3.4081244793906,0.9895887302359956
BG_all_BGparams,5,10.245657103322204,2.10394853885162,0.9967558730010918
BG_all_HSparams,1,270.28137790770165,10.925073471786833,0.9109112517555243
BG_all_HSparams,2,22.28389623854137,2.093767959770115,0.9932675172938358
BG_all_HSparams,3,71.8887542301938,6.045555773249738,0.9756299826548085
BG_all_HSparams,4,30.229253244632847,3.3177475182863114,0.9896205681322157
BG_all_HSparams,5,9.86286723109315,2.057949237252148,0.9968770774242814
local_1,1,69.83950334895167,5.961959291187738,0.9769798645413941
local_1,2,21.845117978389627,1.7283562762269657,0.9934000823989991
local_1,3,74.31994874768452,6.269808607666195,0.9748058168559262
local_1,4,24.637939218646466,2.5507945169870183,0.9915403860818839
local_1,5,10.52343100539157,1.9218365914931244,0.9966679202415755
local_2,1,58.313292333710265,5.4981876197318,0.980779074532473
local_2,2,22.453477393849294,1.6995310451956032,0.9932162828874653
local_2,3,70.90008877990653,6.096772851669402,0.9759651365245632
local_2,4,25.403774033292592,2.690949617530724,0.9912774311813355
local_2,5,10.956756156673054,1.9341343454973985,0.9965307146130441
local_3,1,59.744862682170044,5.715755838350668,0.9803072077270146
local_3,2,25.393405251705452,2.1391937003968255,0.9923280623874007
local_3,3,70.77184480072334,6.104796410326583,0.9760086107512427
local_3,4,25.821672030462015,2.8588751953865095,0.9911339428935434
local_3,5,11.26771555785431,2.0494234342564854,0.9964322541845169
local_4,1,48.604724082747545,4.75443021916621,0.9839791625275094
local_4,2,25.35778206668656,2.119420917620719,0.9923388249791176
local_4,3,70.47051862254638,6.098871313970995,0.9761107591925027
local_4,4,25.941631821115333,2.8917917576981864,0.9910927538352533
local_4,5,11.72140014209008,2.0834249969672394,0.9962886020601226
local_5,1,59.1736653627785,5.678773467432951,0.9804954828297211
local_5,2,24.368977895072142,2.027788632949372,0.9926375656891764
local_5,3,69.51616831293246,6.07433415150064,0.9764342803586117
local_5,4,24.981060411215065,2.7580325976755895,0.9914225729486306
local_5,5,10.636979273958508,1.9882112420109708,0.9966319669591239
local_6,1,58.65892798768426,5.605677502394637,0.9806651478979429
local_6,2,23.082778536433942,1.867411997126436,0.993026156393693
local_6,3,71.86749170603962,6.158362009099619,0.9756371905705388
local_6,4,25.157003495389187,2.7474273028416323,0.9913621616232162
local_6,5,10.768605561299202,1.968643450313411,0.9965902895549105
local_7,1,58.627442782537,5.598932609814543,0.9806755258882303
local_7,2,23.010033818062585,1.8791029247288942,0.9930481342629649
local_7,3,70.69202097246936,6.117294240375714,0.976035670728842
local_7,4,25.375394787698454,2.753896516996623,0.9912871753997493
local_7,5,11.026046145971408,1.9741528703735092,0.9965087750221745
local_8,1,59.211606578361696,5.647547497605365,0.9804829768427036
local_8,2,23.331505537823436,1.8419218347265756,0.9929510101886719
local_8,3,70.46610879798776,6.098460708843362,0.9761122541064449
local_8,4,25.27579111543926,2.7453553117380673,0.9913213750381469
local_8,5,10.795860331855987,1.9629907072844262,0.9965816597582932
