candidate,features,CV_MSE,CV_MSE_std,seconds
BG_BGparams,29,40.6818873590545,25.647460069518893,9.769604921340942
BG_HSparams,29,43.20611132324542,28.54636784256926,8.72960901260376
HS_BGparams,17,99.75541256895984,118.10697061842892,6.374993085861206
HS_HSparams,17,139.7359470718349,194.65164363347722,5.910845994949341
BG_clock_BGparams,34,39.090865115911875,23.22781947902009,12.049717903137207
BG_clock_HSparams,34,42.50500106766986,28.584280850636407,9.390748262405396
BG_std_BGparams,30,39.83493414648442,24.910244622598434,9.92471432685852
BG_std_HSparams,30,42.65674798960527,28.302145607218115,8.443721055984497
BG_daily_BGparams,30,39.4148649063505,22.851648485057485,10.010936975479126
BG_daily_HSparams,30,40.74330338852242,25.65587651017089,9.648448944091797
BG_weekly_BGparams,30,64.32567884918183,61.93510561333347,11.22553014755249
BG_short_BGparams,30,40.41453521036025,25.31831612107177,10.670605897903442
BG_context_BGparams,34,42.04473200799491,25.484760803668078,11.339294910430908
BG_clock_std_BGparams,35,37.90088882923918,23.214262114037577,11.377100706100464
BG_daily_weekly_BGparams,31,60.70327956686954,56.2291761107567,10.396854877471924
BG_power_BGparams,33,69.62217639632578,75.13672878311601,10.464473962783813
BG_power_HSparams,33,76.48855471422954,88.64212593552608,9.548617124557495
BG_all_BGparams,43,61.300501913736,59.26104486384428,14.831283330917358
BG_all_HSparams,43,80.90922977043257,96.94963109939943,12.476984977722168
local_1,35,40.23318805981277,26.466747934576688,12.920457124710083
local_2,35,37.605477739486346,22.91708427967157,12.672705173492432
local_3,35,38.59990006458303,22.657830430333963,12.069214344024658
local_4,35,36.41921134703718,20.736899558828608,11.083173990249634
local_5,35,37.735370251191334,22.56224847128265,10.126256227493286
local_6,35,37.906961457369235,23.24981684957341,12.439625978469849
local_7,35,37.746187701347765,22.828103105680253,11.869256973266602
local_8,35,37.816174472293625,22.895182688083175,18.863749027252197
