candidate,n_estimators,max_features,min_samples_leaf,min_samples_split,max_depth,bootstrap,max_samples,CV_MSE_mean,CV_MSE_std,CV_MAE_mean,CV_train_MSE_mean,seconds
baseline,100,1.000000,2,2,,False,,41.431370,25.907613,3.616641,7.688532,5.290865
random_01,300,0.400000,1,8,12.000000,False,,72.877070,20.650595,5.715644,52.869409,3.911982
random_02,100,0.400000,12,2,48.000000,True,0.600000,116.258511,22.602383,7.095720,145.795104,0.777393
random_03,100,0.400000,2,4,48.000000,False,,45.657669,26.884855,3.991235,12.326277,2.019904
random_04,300,0.600000,12,16,12.000000,True,1.000000,94.109151,20.059937,6.392329,115.540510,3.154241
random_05,200,0.400000,2,16,20.000000,True,0.600000,81.880457,23.233925,5.982756,90.285657,1.808794
random_06,100,0.800000,1,2,32.000000,False,,44.035250,29.335100,3.650055,0.000008,4.210666
random_07,200,0.800000,8,8,,True,1.000000,72.081668,22.275494,5.558058,82.732347,2.855309
random_08,100,1.000000,1,8,48.000000,True,1.000000,50.724275,25.597897,4.515684,31.856097,2.525442
random_09,100,0.400000,1,4,20.000000,False,,46.498179,28.584650,4.074223,4.754901,2.099486
random_10,100,0.400000,5,8,32.000000,True,0.600000,85.119019,23.782525,6.030130,96.116274,0.985676
random_11,200,0.800000,2,8,,False,,43.072487,25.654959,3.891106,20.007529,5.866752
random_12,300,0.600000,2,16,32.000000,True,1.000000,64.029061,23.732169,5.286934,62.967459,4.153086
random_13,300,0.600000,12,8,,False,,75.321022,23.303883,5.692549,85.833528,4.643582
random_14,100,0.800000,5,8,,False,,48.804257,23.623552,4.385760,38.175174,2.475613
random_15,300,0.800000,2,16,32.000000,True,0.600000,68.890112,22.265567,5.469658,74.572185,3.898778
random_16,200,0.600000,2,8,48.000000,True,1.000000,55.199854,25.716576,4.824941,42.594866,3.394814
random_17,200,0.800000,2,4,48.000000,True,0.600000,55.798543,23.959815,4.861706,42.087555,3.616757
random_18,100,0.400000,2,4,32.000000,False,,45.705918,26.651415,4.005382,12.275791,2.179346
random_19,200,1.000000,8,16,48.000000,True,1.000000,69.982487,22.767825,5.452125,78.454238,3.609907
random_20,100,0.400000,12,8,20.000000,False,,85.736959,22.934235,6.093224,100.158116,1.148014
random_21,200,1.000000,2,16,,True,1.000000,58.462704,23.248061,4.994854,55.561320,3.941192
random_22,100,0.400000,12,8,48.000000,False,,85.616396,23.625782,6.087124,99.763439,1.109340
random_23,100,0.800000,2,2,48.000000,True,0.800000,51.839509,24.584209,4.595004,33.141122,2.375536
random_24,100,0.400000,3,8,12.000000,False,,73.374324,19.136346,5.703990,62.408042,1.197823
random_25,100,0.400000,1,16,,False,,57.708866,26.814333,5.002152,39.756371,1.549868
random_26,100,1.000000,8,4,20.000000,True,0.600000,80.821735,21.900488,5.858453,95.921932,1.348847
random_27,300,0.600000,12,8,32.000000,True,0.800000,95.360576,22.409830,6.416949,118.619565,3.001026
random_28,300,1.000000,1,4,12.000000,False,,56.367192,22.590135,4.850620,22.832875,6.945961
random_29,200,0.400000,8,4,48.000000,False,,73.219483,24.555351,5.603906,76.320671,2.423664
random_30,100,0.400000,12,2,12.000000,False,,93.406129,19.322758,6.384626,110.075460,1.088178
random_31,100,0.800000,1,4,20.000000,True,0.600000,56.014822,26.296401,4.896791,34.061251,1.855369
random_32,300,0.600000,12,16,12.000000,True,0.800000,98.422114,20.466717,6.545675,122.231867,2.544508
random_33,100,0.400000,1,16,20.000000,True,0.800000,76.339405,24.714252,5.837475,74.460199,1.114034
random_34,200,0.400000,12,2,,True,1.000000,103.577102,23.703188,6.708454,127.659543,1.707923
random_35,200,0.400000,2,4,12.000000,True,0.600000,81.061561,19.399749,6.005358,74.988974,1.608536
random_36,200,0.600000,3,16,12.000000,False,,66.385320,19.346724,5.443083,63.438894,2.718529
